universe,address,name,led_type,led_count,x1,y1,x2,y2
0,0,RGBW #1,RGBW,10,416.922822326037,517.889582582,417.132894465122,549.610475583826
0,40,RGBW01,RGBW,1,459.472676628542,343.818173798731,459.472676628542,703.818173798733
0,64,RGBW C1,RGBW,1,417.013147067262,504.608460526822,1056.01314706726,504.608460526822
0,72,RGBW #3,RGBW,6,403.818364288368,492.007410188662,416.664055406624,501.908189803642
0,96,RGBW #4,RGBW,1,401.970380918846,490.6581552081,1040.97038091885,490.6581552081
0,100,RGBW #5,RGBW,10,377.164864932764,474.297971417592,399.855324937296,489.987185104426
0,140,RGBW #6,RGBW,6,361.355324937296,463.82051843776,375.855324937296,473.487185104426
0,164,RGBW C2,RGBW,1,358.68865827063,462.987185104427,997.68865827063,462.987185104427
0,172,RGBW #7,RGBW,6,375.18865827063,454.153851771093,360.855324937296,461.487185104426
0,196,RGBW #8,RGBW,10,400.355324937296,441.153851771093,377.355324937296,453.32051843776
0,236,RGBW #9,RGBW,6,416.021991603963,433.32051843776,401.68865827063,440.653851771093
0,260,RGBW #10,RGBW,6,432.18865827063,425.153851771093,417.855324937296,432.487185104426
0,284,RGBW C3,RGBW,1,434.021991603963,424.487185104427,1073.02199160396,424.487185104427
0,292,RGBW #11,RGBW,10,462.18865827063,431.82051843776,436.18865827063,423.987185104426
0,332,RGBW C4,RGBW,1,464.021991603963,432.487185104427,1103.02199160396,432.487185104427
0,340,RGBW #12,RGBW,10,463.021991603963,406.153851771093,463.855324937296,430.153851771093
0,380,RGBW #13,RGBW,10,461.18865827063,376.82051843776,462.68865827063,403.82051843776
0,420,RGBW #2,RGBW,6,416.931660205545,507.190707820479,416.931660205545,516.426410236136
1,0,RGBW01,RGBW,10,461.383336141778,375.559017370176,459.472677141336,346.262246030061
1,48,RGBW01,RGBW,7,458.835790807855,342.090205754929,454.059143306749,324.607147661114
1,76,RGBW01,RGBW,1,452.785371117021,321.845583199994,452.785371117021,681.845583199995
1,84,RGBW01,RGBW,18,449.282495805644,319.516597970298,409.795543129837,302.957553299798
1,156,RGBW01,RGBW,1,405.018893236532,300.828337893407,405.018893236532,660.828337893408
1,164,RGBW01,RGBW,10,405.018895628731,297.529349338541,411.069315796798,274.601441333234
1,204,RGBW01,RGBW,10,415.527521627001,255.813291172509,421.896383465971,226.524298488543
1,244,RGBW01,RGBW,6,411.706201012106,272.053906465266,414.572190630942,258.687058329321
1,268,RGBW01,RGBW,3,422.214826632711,223.339866821139,425.399258300115,216.971003486331
1,284,RGBW01,RGBW,16,426.354584595131,213.778791642952,445.7796209715,178.590220276401
2,0,RGBW01,RGBW,6,450.556272133165,176.520944744958,463.930881475701,172.700878136356
2,24,RGBW01,RGBW,1,467.115332644079,172.177296249238,467.115332644079,532.17729624924
2,32,RGBW01,RGBW,12,468.707528976807,169.774076638418,468.389085810067,138.63109278854
2,80,RGBW01,RGBW,1,468.389086646219,135.874773546913,468.389086646219,495.874773546913
2,88,RGBW01,RGBW,9,470.936627100683,135.12333373448,490.044018055893,132.579647081312
2,132,RGBW01,RGBW,21,493.227656662466,132.257349036704,542.587140568056,109.651739076005
2,216,RGBW01,RGBW,6,544.496996780855,109.010993459238,554.68798090419,110.925511742966
2,240,RGBW01,RGBW,61,561.374548432563,112.195459370442,576.978263602842,116.016777371326
3,0,RGBW01,RGBW,10,667.098343114945,124.617471916009,651.175464445464,130.665131029976
3,40,RGBW01,RGBW,1,772.487495084943,265.937419301285,772.487495084943,625.937419301308
3,52,RGBW01,RGBW,6,688.43403528655,130.667892084076,678.243130954246,121.430280897127
3,76,RGBW01,RGBW,5,701.171761956165,144.042505087172,690.026251120252,132.260107917778
3,96,RGBW01,RGBW,1,702.126397299824,147.338717784211,702.126397299824,507.338717784211
3,100,RGBW01,RGBW,3,676.829601497082,120.474946802918,671.570562366532,123.026866559208
3,112,RGBW01,RGBW,2,703.09643587383,155.508069566726,702.444823080466,150.408612058406
3,136,RGBW01,RGBW,1,745.116215391558,229.815520071932,745.116215391558,589.815520071933
3,140,Uni.3 RGBW,RGBW,10,704.13295697312,174.423994707114,703.326838484147,157.372173952948
3,184,Uni.3 RGBW,RGBW,3,701.991895497334,207.588630651639,704.857877816197,201.538205091368
3,204,RGBW01,RGBW,1,703.081692926528,210.390478903569,703.081692926528,570.390478903571
3,212,RGBW01,RGBW,1,705.947716022086,213.574914464967,705.947716022086,573.574914464969
3,216,RGBW01,RGBW,6,725.069014378916,218.559816581322,709.465299208637,214.738498580437
3,240,RGBW01,RGBW,1,729.194047526235,219.94377715865,729.194047526235,579.943777158652
3,252,RGBW01,RGBW,6,740.029837685685,225.879628534564,731.750315350435,220.784537866718
3,284,RGBW01,RGBW,1,741.931778236206,227.267945867111,741.931778236206,587.267945867113
3,288,RGBW01,RGBW,5,747.032654138368,232.569055533586,754.038403806657,241.167021035576
3,308,RGBW01,RGBW,10,771.870978553777,263.780851907024,754.993733306878,242.440793702537
3,348,RGBW01,RGBW,10,705.342899060191,194.776383232248,704.06912639323,176.943565894786
3,388,RGBW01,RGBW,2,705.643981207753,200.09011291038,705.478605038656,196.261659964461
4,0,?? RGBW #61,RGBW,3,823.04402037575,381.051290804034,820.318959548499,376.379757957319
4,48,RGBW #56,RGBW,2,773.638161087187,271.927688186381,773.016227262528,268.71281329924
4,56,RGBW #57,RGBW,10,779.839622002292,300.824713673835,774.44622385568,274.653851771092
4,96,RGBW #58,RGBW,10,785.339652519872,326.824693328781,780.612900694872,302.653851771093
4,136,RGBW #59,RGBW,10,790.006329359067,352.491380340495,785.779567361539,328.487185104426
4,176,RGBW A6,RGBW,1,791.743354675836,357.435453251917,1430.74335467582,357.435453251917
4,184,RGBW #60,RGBW,10,814.868837893998,371.708225110604,794.047668840586,359.297044760441
4,224,RGBW A5,RGBW,1,817.885704327385,374.405047051812,1456.88570432737,374.405047051812
4,244,RGBW #62,RGBW,10,837.701142460865,403.390793452968,823.627961981589,382.608468419606
4,284,RGBW A4,RGBW,1,838.576677836643,405.935453251913,1477.57667783663,405.935453251913
4,292,RGBW #63,RGBW,6,835.765082432733,421.402028383839,837.887593565645,408.906078177785
4,316,RGBW A3,RGBW,1,835.410031515022,424.102119918578,1474.41003151501,424.102119918578
4,324,RGBW #64,RGBW,3,842.349082687751,431.16060434392,837.695042033552,426.813713369371
4,336,RGBW #65,RGBW,5,851.932312038038,440.580004030644,843.611885569518,432.227722080336
5,0,RGBW #66,RGBW,10,853.186510390488,441.635536218889,870.932746574298,458.342959934816
5,40,RGBW A2,RGBW,1,874.743385193418,461.26879675776,1513.74338519341,461.26879675776
5,48,RGBW #67,RGBW,2,875.195621835937,464.227115332649,874.348441011169,467.390105511637
5,56,RGBW #68,RGBW,10,873.482162897833,469.784373981708,865.636977446749,492.860768222429
5,96,RGBW #69,RGBW,10,864.982162897832,494.617707315039,857.136977446749,517.694101555762
5,136,RGBW #70,RGBW,10,856.315516576218,519.61770731504,848.470331125134,542.694101555762
5,176,RGBW A1,RGBW,1,845.659202452799,553.772313890084,1484.65920245279,553.772313890084
5,184,RGBW #71,RGBW,10,844.715119146189,556.318672089928,838.967053063126,581.249251423309
5,232,RGBW01,RGBW,2,847.633261420078,546.007952927903,846.271481814681,550.093319672508
6,0,RGBW #73,RGBW,3,942.014311793395,596.029533326559,942.027389468542,602.620060007268
6,12,RGBW B1,RGBW,1,941.484861572087,592.479145158964,1580.48486157207,592.479145158964
6,20,RGBW #74,RGBW,10,939.335847980338,567.695470595075,941.180868177092,589.459733457795
6,60,RGBW #75,RGBW,6,938.254760614195,550.654303549012,939.349627635812,565.319862162299
6,84,RGBW #76,RGBW,1,938.076698181704,548.768776412709,1577.0766981817,548.768776412709
6,88,RGBW B2,RGBW,1,938.243364848373,545.60210974604,1577.24336484836,545.60210974604
6,96,RGBW #77,RGBW,5,946.233063817201,533.892733137392,938.644313352655,542.91498212433
6,116,RGBW #78,RGBW,3,951.933078882397,527.606949251592,948.110959337438,532.700764888185
6,128,RGBW B3,RGBW,1,952.743344503321,525.60210974604,1591.74334450331,525.60210974604
6,136,RGBW #79,RGBW,10,981.071325008158,520.477170455772,955.668534875546,524.490333491286
6,176,RGBW #80,RGBW,10,1008.90471937664,515.977170455777,983.50192924403,519.990333491289
6,216,RGBW #81,RGBW,6,1024.57575877763,513.241441628349,1010.02856027439,515.399301434263
6,240,RGBW #81A,RGBW,2,1029.04254893354,512.408063356113,1025.83491301015,513.066314072192
6,256,RGBW #82,RGBW,6,1050.40911245602,509.741441628351,1035.86191395278,511.899301434265
6,280,RGBW B5,RGBW,1,1052.91003151503,509.602099573509,1691.91003151502,509.602099573509
6,288,RGBW #83,RGBW,3,1051.21993600272,500.953929601335,1053.1575579832,507.02032693553
6,300,RGBW #84,RGBW,1,1050.91007220514,498.768756067649,1689.91007220512,498.768756067649
6,304,RGBW B6,RGBW,1,1049.91005186008,495.935432906842,1688.91005186007,495.935432906842
6,308,RGBW #85,RGBW,6,1036.36598666523,485.094889427161,1046.95918466825,494.223232771397
6,380,RGBW #87,RGBW,10,987.976163874338,451.855689521474,1008.43037209205,467.445192087554
6,420,RGBW #86,RGBW,10,1010.11943245203,467.281230280766,1031.00282773093,482.290928002451
7,40,RGBW B8,RGBW,1,962.410072205138,435.768756067652,1601.41007220513,435.768756067652
7,48,RGBW #89,RGBW,10,959.549016345178,435.122714505361,933.857649524194,436.289288523925
7,88,RGBW #90,RGBW,10,931.781411152561,436.53739110516,906.069658641094,437.096861265401
7,128,RGBW B9,RGBW,1,902.965634542406,437.046523672896,1541.96563454242,437.046523672896
7,136,RGBW #91,RGBW,3,902.036892562281,434.667377133028,900.655324937296,428.398296215537
7,148,RGBW #92,RGBW,5,899.822011949015,426.064962882204,897.724352211291,416.320538782812
7,168,RGBW B10,RGBW,1,898.132355462551,411.268756067648,1537.13235546257,411.268756067648
7,176,RGBW #93,RGBW,5,898.655324937296,408.564962882204,900.821991603963,396.898296215537
7,196,RGBW B11,RGBW,1,901.521298604912,393.490951163132,1540.52129860493,393.490951163132
7,204,RGBW #94,RGBW,6,899.809035144816,390.441419248798,892.026609208581,380.627084094325
7,228,RGBW #95,RGBW,3,890.703559228947,378.667407650607,886.693255530196,373.127084094325
7,240,RGBW B12,RGBW,1,885.021298604915,370.324284496468,1524.02129860493,370.324284496468
7,248,RGBW #96,RGBW,1,884.021339295021,367.157648347378,1523.02133929504,367.157648347378
7,252,RGBW #97,RGBW,6,883.309055489868,364.274742409604,880.693275875248,352.460417427659
7,276,RGBW #98,RGBW,10,880.114764830941,350.204078116879,874.526609208581,324.127084094325
7,316,RGBW #99,RGBW,10,874.114744485886,321.537401277688,868.526588863526,295.460407255134
7,356,RGBW B13,RGBW,1,867.854672628355,291.990961335661,1506.85467262837,291.990961335661
7,364,RGBW #100,RGBW,10,864.701569724361,290.61741832977,839.939660094383,280.713634608946
7,404,RGBW #101,RGBW,10,837.616739980517,279.824515953605,813.024521139615,269.506576576324
7,448,RGBW #88,RGBW,10,985.988307762499,450.73660568016,964.75163437425,436.231057518439
8,0,RGBW #102,RGBW,10,810.950042796276,268.657834028148,786.357823955374,258.339894650868
8,40,RGBW B13,RGBW,1,783.521349467546,257.824284496467,1422.52134946756,257.824284496467
8,48,RGBW #91,RGBW,3,783.076939923495,254.894389719288,780.948672512417,248.837940059677
8,60,Uni.9 RGBW,RGBW,11,780.563731495863,248.143161554965,771.379441465652,223.007209893333
8,108,Uni.9 RGBW,RGBW,7,769.659453839613,220.835319185854,752.741024836592,213.101180213044
8,144,Uni.9 RGBW,RGBW,6,752.834123472461,211.310244842196,752.438939328296,191.404613016193
8,168,RGBW01,RGBW,3,752.277581290596,188.439720680195,752.107543856856,178.525309097396
9,3,RGB #1,RGB,1,138.388102641689,379.337099392033,777.388102641707,379.337099392033
9,6,RGB #2,RGB,1,1274.38816367685,168.337099392033,1913.38816367686,168.337099392033
9,9,RGB #3,RGB,1,1105.38816367685,159.337099392033,1744.38816367686,159.337099392033
9,12,RGB #4,RGB,1,213.054789653408,342.670432725367,852.054789653426,342.670432725367
9,15,RGB #5,RGB,1,326.388133159267,394.337099392033,965.388133159285,394.337099392033
9,18,RGB #6,RGB,1,433.388117900478,328.337099392033,1072.3881179005,328.337099392033
9,21,RGB #7,RGB,1,661.388133159267,389.189247768328,1300.38813315929,389.189247768328
9,24,RGB #8,RGB,1,797.388102641689,392.337099392033,1436.38810264171,392.337099392033
9,27,RGB #9,RGB,1,911.388102641689,388.337099392033,1550.38810264171,388.337099392033
9,30,RGB #10,RGB,1,367.054799825934,307.337089219506,1006.05479982595,307.337089219506
9,33,RGB #11,RGB,1,623.054799825951,309.337104478322,1262.05479982597,309.337104478322
9,36,RGB #12,RGB,1,744.388122986739,277.337084133244,1383.38812298676,277.337084133244
9,39,RGB #13,RGB,1,834.388122986747,259.337099392033,1473.38812298677,259.337099392033
9,42,RGB #14,RGB,1,873.054809998456,328.003776231236,1512.05480999847,328.003776231236
9,45,RGB #15,RGB,1,1181.05474896329,288.003766058709,1820.05474896331,288.003766058709
9,48,RGB #16,RGB,1,24.3881223509681,251.337104478314,663.388122350986,251.337104478314
9,51,RGB #17,RGB,1,78.3881204436187,294.670442897903,717.388120443637,294.670442897903
9,54,RGB #18,RGB,1,250.388122986753,273.337099392045,889.388122986771,273.337099392045
9,57,RGB #19,RGB,1,155.72145632008,210.670437811645,794.721456320098,210.670437811645
9,60,RGB #20,RGB,1,325.721456320082,216.003771144979,964.7214563201,216.003771144979
9,63,RGB #21,RGB,1,661.05476930836,196.67043526851,1300.05476930838,196.67043526851
9,66,RGB #22,RGB,1,910.388143331793,194.670432725376,1549.38814333181,194.670432725376
9,69,RGB #23,RGB,1,949.054789653405,176.003766058713,1588.05478965342,176.003766058713
9,72,RGB #24,RGB,1,1142.38816367684,195.337099392041,1781.38816367685,195.337099392041
9,75,RGB #25,RGB,1,1257.05472861825,216.670437811632,1896.05472861827,216.670437811632
9,78,RGB Dish,RGB,1,7.27701099480896,206.448218980237,646.277010994831,206.448218980237
9,81,RGB Dish Lights,RGB,1,12.8325669543348,136.448203721452,651.832566954356,136.448203721452
